,id,html_url,name,locale,links_clean,Status,Repeated
25,360012150493,https://help.doodle.com/hc/en-us/articles/360012150493-What-forms-of-payment-do-you-accept-for-Doodle-Professional-,What forms of payment do you accept for Doodle Professional?,en-us,https://doodle.com/en/contact/sales/,200,False
26,360022855013,https://help.doodle.com/hc/en-us/articles/360022855013-Doodle-app-How-does-the-app-manage-time-zones-,Doodle app: How does the app manage time zones?,en-us,https://help.doodle.com/hc/en-us/articles/360012047914,200,False
27,360019903079,https://help.doodle.com/hc/en-us/articles/360019903079-How-do-I-participate-in-a-1-1-,How do I participate in a 1:1?,en-us,https://help.doodle.com/hc/en-us/articles/360019903039,200,False
28,360012149913,https://help.doodle.com/hc/en-us/articles/360012149913-I-edited-my-group-poll-and-it-now-shows-question-marks-all-over-the-table,I edited my group poll and it now shows question marks all over the table,en-us,https://help.doodle.com/hc/en-us/articles/360019827500-How-do-I-change-my-vote-in-a-group-poll-,200,False
29,360012047534,https://help.doodle.com/hc/en-us/articles/360012047534-Do-you-offer-tailored-solutions-for-large-companies-and-enterprise-customers-,Do you offer tailored solutions for large companies and enterprise customers?,en-us,https://doodle.com/en/premium,200,False
29,360012047534,https://help.doodle.com/hc/en-us/articles/360012047534-Do-you-offer-tailored-solutions-for-large-companies-and-enterprise-customers-,Do you offer tailored solutions for large companies and enterprise customers?,en-us,https://doodle.com/en/contact/sales/,200,True
30,360012150793,https://help.doodle.com/hc/en-us/articles/360012150793-Is-it-possible-to-embed-Doodle-in-my-website-,Is it possible to embed Doodle in my website?,en-us,https://doodle.com/en/premium,200,False
31,360012047614,https://help.doodle.com/hc/en-us/articles/360012047614-I-lost-my-admin-link-Can-you-send-it-to-me-again-,I lost my admin link!  Can you send it to me again?,en-us,https://doodle.com/auth/realms/doodle/protocol/openid-connect/registrations?client_id=web-static-site&redirect_uri=https%3A%2F%2Fdoodle.com%2Fdashboard&state=db2f61d9-9112-4793-82b0-bdebe58666c1&response_mode=fragment&response_type=none&scope=openid&nonce=81b25197-caca-4571-8484-412b921ab7f6&code_challenge=encEiOfxKnrp8fVZmv7mGKDsEo3CgW5jAK1XMbY86w4&code_challenge_method=S256,200,False
32,4403074449938,https://help.doodle.com/hc/en-us/articles/4403074449938-How-do-I-disable-my-booking-page-,How do I disable my booking page?,en-us,http://www.doodle.com/dashboard,200,False
32,4403074449938,https://help.doodle.com/hc/en-us/articles/4403074449938-How-do-I-disable-my-booking-page-,How do I disable my booking page?,en-us,http://www.doodle.com/dashboard,200,True
33,360039621093,https://help.doodle.com/hc/en-us/articles/360039621093-Which-Doodle-events-will-sync-to-my-connected-calendar-,Which Doodle events will sync to my connected calendar?,en-us,https://help.doodle.com/hc/en-us/articles/360012048494,200,False
34,4406330705426,https://help.doodle.com/hc/en-us/articles/4406330705426-How-do-I-add-a-host-to-my-booking-page-or-book-on-behalf-of-others-,"How do I add a host to my booking page, or book on behalf of others?",en-us,#h_01GF3BXX1Z06892EG4YM7193YH,Not a URL,False
34,4406330705426,https://help.doodle.com/hc/en-us/articles/4406330705426-How-do-I-add-a-host-to-my-booking-page-or-book-on-behalf-of-others-,"How do I add a host to my booking page, or book on behalf of others?",en-us,#h_01GF3BYBHX9T02P14KW52B4ZQ0,Not a URL,False
34,4406330705426,https://help.doodle.com/hc/en-us/articles/4406330705426-How-do-I-add-a-host-to-my-booking-page-or-book-on-behalf-of-others-,"How do I add a host to my booking page, or book on behalf of others?",en-us,https://help.doodle.com/hc/en-us/articles/4403074353554,200,False
34,4406330705426,https://help.doodle.com/hc/en-us/articles/4406330705426-How-do-I-add-a-host-to-my-booking-page-or-book-on-behalf-of-others-,"How do I add a host to my booking page, or book on behalf of others?",en-us,https://help.doodle.com/hc/en-us/articles/4403074353554,200,True
34,4406330705426,https://help.doodle.com/hc/en-us/articles/4406330705426-How-do-I-add-a-host-to-my-booking-page-or-book-on-behalf-of-others-,"How do I add a host to my booking page, or book on behalf of others?",en-us,https://doodle.com/en/premium,200,True
34,4406330705426,https://help.doodle.com/hc/en-us/articles/4406330705426-How-do-I-add-a-host-to-my-booking-page-or-book-on-behalf-of-others-,"How do I add a host to my booking page, or book on behalf of others?",en-us,https://help.doodle.com/hc/en-us/articles/360012048494,200,True
35,360019865800,https://help.doodle.com/hc/en-us/articles/360019865800-How-do-I-send-out-a-calendar-invitation-to-my-booked-1-1-event-,How do I send out a calendar invitation to my booked 1:1 event?,en-us,https://help.doodle.com/hc/en-us/articles/360012048494,200,False
36,360012150293,https://help.doodle.com/hc/en-us/articles/360012150293-Is-it-possible-to-use-an-existing-group-poll-as-a-template-duplicate-a-group-poll-,Is it possible to use an existing group poll as a template / duplicate a group poll?,en-us,https://doodle.com/premium,200,False
37,4407784545682,https://help.doodle.com/hc/en-us/articles/4407784545682-Permitted-Use-Policy,Permitted Use Policy,en-us,https://doodle.com/privacy-policy,200,False
38,360012150933,https://help.doodle.com/hc/en-us/articles/360012150933-How-do-I-activate-my-account-verify-my-email-address-,How do I activate my account / verify my email address?,en-us,https://help.doodle.com/hc/en-us/articles/360012149873-Why-don-t-I-receive-any-e-mails-from-Doodle-,200,False
38,360012150933,https://help.doodle.com/hc/en-us/articles/360012150933-How-do-I-activate-my-account-verify-my-email-address-,How do I activate my account / verify my email address?,en-us,https://doodle.com/auth/realms/doodle/login-actions/reset-credentials?client_id=web-static-site&tab_id=3aUIgjG2nLA,200,True
39,360019827560,https://help.doodle.com/hc/en-us/articles/360019827560-How-do-I-send-out-a-calendar-invitation-to-my-booked-group-poll-,How do I send out a calendar invitation to my booked group poll?,en-us,https://help.doodle.com/hc/en-us/articles/360012048494,200,False
40,360019902939,https://help.doodle.com/hc/en-us/articles/360019902939-How-do-I-create-a-1-1-,How do I create a 1:1?,en-us,https://doodle.com/en/premium,200,False
40,360019902939,https://help.doodle.com/hc/en-us/articles/360019902939-How-do-I-create-a-1-1-,How do I create a 1:1?,en-us,https://doodle.com/settings/,200,False
40,360019902939,https://help.doodle.com/hc/en-us/articles/360019902939-How-do-I-create-a-1-1-,How do I create a 1:1?,en-us,https://doodle.com/settings/,200,True
41,360019611759,https://help.doodle.com/hc/en-us/articles/360019611759-How-do-I-add-a-Google-Meet-link-to-my-meetings-,How do I add a Google Meet link to my meetings?,en-us,https://help.doodle.com/hc/en-us/articles/360012048494,200,False
42,360019452079,https://help.doodle.com/hc/en-us/articles/360019452079-How-do-I-change-user-roles-in-the-admin-settings-,How do I change user roles in the admin settings?,en-us,https://help.doodle.com/hc/en-us/requests/new,200,False
43,4416145159186,https://help.doodle.com/hc/en-us/articles/4416145159186-How-do-I-become-a-member-of-my-company-s-Team-or-Enterprise-subscription-,How do I become a member of my company's Team or Enterprise subscription?,en-us,https://help.doodle.com/hc/en-us/articles/360019391360,200,False
43,4416145159186,https://help.doodle.com/hc/en-us/articles/4416145159186-How-do-I-become-a-member-of-my-company-s-Team-or-Enterprise-subscription-,How do I become a member of my company's Team or Enterprise subscription?,en-us,https://doodle.com/auth/realms/doodle/protocol/openid-connect/auth?client_id=web-unified-dashboard&redirect_uri=https%3A%2F%2Fdoodle.com%2Fdashboard&state=23ab5113-5885-4fcb-bfe0-50882760a1ef&response_mode=fragment&response_type=code&scope=openid&nonce=8a7b57ff-bd06-413e-875b-f8788ba1e4b5&code_challenge=cUDWIvM5RV5_60B01Zur2t-hzOxYLEl8yfvqHTnf8Co&code_challenge_method=S256,200,False
43,4416145159186,https://help.doodle.com/hc/en-us/articles/4416145159186-How-do-I-become-a-member-of-my-company-s-Team-or-Enterprise-subscription-,How do I become a member of my company's Team or Enterprise subscription?,en-us,https://help.doodle.com/hc/en-us/requests/new,200,True
44,360019452019,https://help.doodle.com/hc/en-us/articles/360019452019-Viewing-your-subscription-details-and-invoices,Viewing your subscription details and invoices,en-us,#h_01F78KF06CNYDGVG5QJCPGQW0H,Not a URL,False
44,360019452019,https://help.doodle.com/hc/en-us/articles/360019452019-Viewing-your-subscription-details-and-invoices,Viewing your subscription details and invoices,en-us,#h_01F78KMR3QCAS8JAEK4S8KP1TH,Not a URL,False
44,360019452019,https://help.doodle.com/hc/en-us/articles/360019452019-Viewing-your-subscription-details-and-invoices,Viewing your subscription details and invoices,en-us,https://help.doodle.com/hc/en-us/requests/new,200,False
45,360019902999,https://help.doodle.com/hc/en-us/articles/360019902999-How-do-I-schedule-1-1s-with-several-people-,How do I schedule 1:1s with several people?,en-us,https://help.doodle.com/hc/en-us/articles/360019902939,200,False
45,360019902999,https://help.doodle.com/hc/en-us/articles/360019902999-How-do-I-schedule-1-1s-with-several-people-,How do I schedule 1:1s with several people?,en-us,https://help.doodle.com/hc/en-us/articles/360019827120,200,True
46,360021401914,https://help.doodle.com/hc/en-us/articles/360021401914-Issues-with-the-iOS-App-Basic-Troubleshooting,Issues with the iOS App: Basic Troubleshooting,en-us,https://help.doodle.com/hc/en-us/requests/new,200,False
47,360018096380,https://help.doodle.com/hc/en-us/articles/360018096380-Where-do-I-find-the-password-for-my-Zoom-meeting-,Where do I find the password for my Zoom meeting?,en-us,https://doodle.com/settings/integrations,200,False
47,360018096380,https://help.doodle.com/hc/en-us/articles/360018096380-Where-do-I-find-the-password-for-my-Zoom-meeting-,Where do I find the password for my Zoom meeting?,en-us,https://www.zoom.us/signin,200,False
48,360019392000,https://help.doodle.com/hc/en-us/articles/360019392000-Branding-your-Team-or-Enterprise-account,Branding your Team or Enterprise account,en-us,https://help.doodle.com/hc/en-us/requests/new,200,False
49,360019827220,https://help.doodle.com/hc/en-us/articles/360019827220-How-do-I-edit-my-group-poll-,How do I edit my group poll?,en-us,https://www.doodle.com/dashboard,200,False
49,360019827220,https://help.doodle.com/hc/en-us/articles/360019827220-How-do-I-edit-my-group-poll-,How do I edit my group poll?,en-us,http://www.doodle.com/dashboard,200,True
49,360019827220,https://help.doodle.com/hc/en-us/articles/360019827220-How-do-I-edit-my-group-poll-,How do I edit my group poll?,en-us,https://help.doodle.com/hc/en-us/requests/new,200,True
50,360012048674,https://help.doodle.com/hc/en-us/articles/360012048674-How-do-I-delete-my-Doodle-account-,How do I delete my Doodle account?,en-us,https://doodle.com/auth/realms/doodle/login-actions/reset-credentials?client_id=web-settings&tab_id=1A9PBg53-ik,200,False
50,360012048674,https://help.doodle.com/hc/en-us/articles/360012048674-How-do-I-delete-my-Doodle-account-,How do I delete my Doodle account?,en-us,https://help.doodle.com/hc/en-us/articles/360012151013,200,False
51,10446568088978,https://help.doodle.com/hc/en-us/articles/10446568088978-Log4j-Remediation-Statement,Log4j Remediation Statement,en-us,https://nvd.nist.gov/vuln/detail/CVE-2021-44228,200,False
51,10446568088978,https://help.doodle.com/hc/en-us/articles/10446568088978-Log4j-Remediation-Statement,Log4j Remediation Statement,en-us,https://nvd.nist.gov/vuln/detail/CVE-2021-45046,200,False
52,360012048774,https://help.doodle.com/hc/en-us/articles/360012048774-iOS-Is-there-an-iPad-app-,iOS: Is there an iPad app?,en-us,https://apps.apple.com/in/app/doodle-easy-scheduling/id938182547,200,False
53,360038638554,https://help.doodle.com/hc/en-us/articles/360038638554-I-just-paid-for-Doodle-Professional-where-is-my-invoice-receipt-,I just paid for Doodle Professional: where is my invoice/receipt?,en-us,http://www.doodle.com/settings/subscription,200,False
54,360019827500,https://help.doodle.com/hc/en-us/articles/360019827500-How-do-I-change-my-vote-in-a-group-poll-,How do I change my vote in a group poll?,en-us,https://www.doodle.com/en/premium,200,False
55,4403082565010,https://help.doodle.com/hc/en-us/articles/4403082565010-How-do-I-preview-my-booking-page-,How do I preview my booking page?,en-us,http://www.doodle.com/dashboard,200,False
56,360012048374,https://help.doodle.com/hc/en-us/articles/360012048374-How-do-I-set-up-custom-branding-for-my-Pro-subscription-,How do I set up custom branding for my Pro subscription?,en-us,https://help.doodle.com/hc/en-us/articles/360019392000,200,False
56,360012048374,https://help.doodle.com/hc/en-us/articles/360012048374-How-do-I-set-up-custom-branding-for-my-Pro-subscription-,How do I set up custom branding for my Pro subscription?,en-us,https://doodle.com/settings/branding,200,False
57,360025101073,https://help.doodle.com/hc/en-us/articles/360025101073-How-do-I-renew-my-Doodle-Professional-subscription-,How do I renew my Doodle Professional subscription?,en-us,https://doodle.com/settings/subscription,200,False
57,360025101073,https://help.doodle.com/hc/en-us/articles/360025101073-How-do-I-renew-my-Doodle-Professional-subscription-,How do I renew my Doodle Professional subscription?,en-us,https://doodle.com/settings/subscription,200,True
57,360025101073,https://help.doodle.com/hc/en-us/articles/360025101073-How-do-I-renew-my-Doodle-Professional-subscription-,How do I renew my Doodle Professional subscription?,en-us,https://help.doodle.com/hc/en-us/articles/360019452019,200,False
58,360019827320,https://help.doodle.com/hc/en-us/articles/360019827320-How-do-I-set-a-deadline-limit-participants-send-automatic-reminders-or-make-my-group-poll-hidden-,"How do I set a deadline, limit participants, send automatic reminders or make my group poll hidden?",en-us,https://www.doodle.com/en/premium,200,False
58,360019827320,https://help.doodle.com/hc/en-us/articles/360019827320-How-do-I-set-a-deadline-limit-participants-send-automatic-reminders-or-make-my-group-poll-hidden-,"How do I set a deadline, limit participants, send automatic reminders or make my group poll hidden?",en-us,https://doodle.com/en/premium,200,True
58,360019827320,https://help.doodle.com/hc/en-us/articles/360019827320-How-do-I-set-a-deadline-limit-participants-send-automatic-reminders-or-make-my-group-poll-hidden-,"How do I set a deadline, limit participants, send automatic reminders or make my group poll hidden?",en-us,https://doodle.com/en/premium,200,True
58,360019827320,https://help.doodle.com/hc/en-us/articles/360019827320-How-do-I-set-a-deadline-limit-participants-send-automatic-reminders-or-make-my-group-poll-hidden-,"How do I set a deadline, limit participants, send automatic reminders or make my group poll hidden?",en-us,https://doodle.com/en/premium,200,True
58,360019827320,https://help.doodle.com/hc/en-us/articles/360019827320-How-do-I-set-a-deadline-limit-participants-send-automatic-reminders-or-make-my-group-poll-hidden-,"How do I set a deadline, limit participants, send automatic reminders or make my group poll hidden?",en-us,https://doodle.com/en/premium,200,True
59,360012150613,https://help.doodle.com/hc/en-us/articles/360012150613-Obtaining-a-signed-W9-or-W8-form-from-Doodle,Obtaining a signed W9 or W8 form from Doodle,en-us,https://drive.google.com/file/d/12uM51roLfw8sZKkEgt2C4gZfshB3plqA/view?usp=sharing,200,False
60,360019451159,https://help.doodle.com/hc/en-us/articles/360019451159-Adding-members-with-a-CSV-file,Adding members with a CSV file,en-us,mailto:johndoe@example.com,mailto:johndoe@example.com,False
60,360019451159,https://help.doodle.com/hc/en-us/articles/360019451159-Adding-members-with-a-CSV-file,Adding members with a CSV file,en-us,mailto:janedoe@example.com,mailto:janedoe@example.com,False
60,360019451159,https://help.doodle.com/hc/en-us/articles/360019451159-Adding-members-with-a-CSV-file,Adding members with a CSV file,en-us,https://help.doodle.com/hc/en-us/articles/360019391360,200,False
60,360019451159,https://help.doodle.com/hc/en-us/articles/360019451159-Adding-members-with-a-CSV-file,Adding members with a CSV file,en-us,https://help.doodle.com/hc/en-us/requests/new,200,False
61,360012047914,https://help.doodle.com/hc/en-us/articles/360012047914-How-does-Doodle-manage-time-zones-,How does Doodle manage time zones?,en-us,https://doodle.com/settings,200,False
62,360012149973,https://help.doodle.com/hc/en-us/articles/360012149973-I-m-a-Doodle-Professional-user-Why-do-I-still-see-ads-,I'm a Doodle Professional user. Why do I still see ads?,en-us,https://doodle.com/settings/subscription,200,False
62,360012149973,https://help.doodle.com/hc/en-us/articles/360012149973-I-m-a-Doodle-Professional-user-Why-do-I-still-see-ads-,I'm a Doodle Professional user. Why do I still see ads?,en-us,https://help.doodle.com/hc/en-us/requests/new,200,False
63,360012149813,https://help.doodle.com/hc/en-us/articles/360012149813-I-need-to-white-list-your-email-servers-Which-IP-addresses-does-Doodle-use-to-send-emails-,I need to white-list your email servers. Which IP addresses does Doodle use to send emails?,en-us,http://en.wikipedia.org/wiki/Sender_Policy_Framework,200,False
64,4403074313362,https://help.doodle.com/hc/en-us/articles/4403074313362-What-is-booking-page-,What is booking page?,en-us,https://help.doodle.com/hc/en-us/articles/4403074353554,200,False
65,10778912679058,https://help.doodle.com/hc/en-us/articles/10778912679058-Migration-of-group-polls-to-new-product-experience,Migration of group polls to new product experience,en-us,https://help.doodle.com/hc/en-us/articles/360019827120,200,False
65,10778912679058,https://help.doodle.com/hc/en-us/articles/10778912679058-Migration-of-group-polls-to-new-product-experience,Migration of group polls to new product experience,en-us,https://help.doodle.com/hc/en-us/articles/360019827120,200,True
65,10778912679058,https://help.doodle.com/hc/en-us/articles/10778912679058-Migration-of-group-polls-to-new-product-experience,Migration of group polls to new product experience,en-us,https://help.doodle.com/hc/en-us/articles/360019827120,200,True
65,10778912679058,https://help.doodle.com/hc/en-us/articles/10778912679058-Migration-of-group-polls-to-new-product-experience,Migration of group polls to new product experience,en-us,https://help.doodle.com/hc/en-us/articles/360019827120,200,True
65,10778912679058,https://help.doodle.com/hc/en-us/articles/10778912679058-Migration-of-group-polls-to-new-product-experience,Migration of group polls to new product experience,en-us,https://help.doodle.com/hc/en-us/articles/360019827320,200,True
65,10778912679058,https://help.doodle.com/hc/en-us/articles/10778912679058-Migration-of-group-polls-to-new-product-experience,Migration of group polls to new product experience,en-us,https://doodle.com/settings/profile,200,True
65,10778912679058,https://help.doodle.com/hc/en-us/articles/10778912679058-Migration-of-group-polls-to-new-product-experience,Migration of group polls to new product experience,en-us,https://help.doodle.com/hc/en-us/articles/360012047914,200,True
65,10778912679058,https://help.doodle.com/hc/en-us/articles/10778912679058-Migration-of-group-polls-to-new-product-experience,Migration of group polls to new product experience,en-us,https://help.doodle.com/hc/en-us/requests/new,200,True
66,360012149873,https://help.doodle.com/hc/en-us/articles/360012149873-Why-don-t-I-receive-any-emails-from-Doodle-,Why don't I receive any emails from Doodle?,en-us,https://help.doodle.com/hc/en-us/articles/360012149813,200,False
66,360012149873,https://help.doodle.com/hc/en-us/articles/360012149873-Why-don-t-I-receive-any-emails-from-Doodle-,Why don't I receive any emails from Doodle?,en-us,NO URL,Not a URL,False
66,360012149873,https://help.doodle.com/hc/en-us/articles/360012149873-Why-don-t-I-receive-any-emails-from-Doodle-,Why don't I receive any emails from Doodle?,en-us,http://www.doodle.com/settings,200,False
66,360012149873,https://help.doodle.com/hc/en-us/articles/360012149873-Why-don-t-I-receive-any-emails-from-Doodle-,Why don't I receive any emails from Doodle?,en-us,https://doodle.com/auth/realms/doodle/login-actions/reset-credentials?client_id=web-static-site&tab_id=3aUIgjG2nLA,200,True
66,360012149873,https://help.doodle.com/hc/en-us/articles/360012149873-Why-don-t-I-receive-any-emails-from-Doodle-,Why don't I receive any emails from Doodle?,en-us,https://help.doodle.com/hc/en-us/requests/new,200,True
67,360012151013,https://help.doodle.com/hc/en-us/articles/360012151013-I-forgot-my-password,I forgot my password,en-us,https://doodle.com/auth/realms/doodle/login-actions/reset-credentials?client_id=web-static-site&tab_id=3aUIgjG2nLA,200,False
67,360012151013,https://help.doodle.com/hc/en-us/articles/360012151013-I-forgot-my-password,I forgot my password,en-us,https://help.doodle.com/hc/en-us/articles/360012149873,200,False
67,360012151013,https://help.doodle.com/hc/en-us/articles/360012151013-I-forgot-my-password,I forgot my password,en-us,https://doodle.com/login,200,False
68,360012048714,https://help.doodle.com/hc/en-us/articles/360012048714-What-are-the-email-invitation-limits-,What are the email invitation limits?,en-us,https://doodle.com/en/premium,200,False
68,360012048714,https://help.doodle.com/hc/en-us/articles/360012048714-What-are-the-email-invitation-limits-,What are the email invitation limits?,en-us,https://doodle.com/en/premium,200,True
68,360012048714,https://help.doodle.com/hc/en-us/articles/360012048714-What-are-the-email-invitation-limits-,What are the email invitation limits?,en-us,https://intercom.help/doodle-2d6d0dd4cd58/en/articles/7793792-how-do-i-invite-participants-to-my-group-poll,200,False
69,360012150053,https://help.doodle.com/hc/en-us/articles/360012150053-I-was-invited-to-a-group-poll-1-1-meeting-What-am-I-supposed-to-do-,I was invited to a group poll / 1:1 meeting. What am I supposed to do?,en-us,https://help.doodle.com/hc/en-us/articles/360019827480,200,False
69,360012150053,https://help.doodle.com/hc/en-us/articles/360012150053-I-was-invited-to-a-group-poll-1-1-meeting-What-am-I-supposed-to-do-,I was invited to a group poll / 1:1 meeting. What am I supposed to do?,en-us,https://help.doodle.com/hc/en-us/articles/360019903079-How-do-I-participate-in-a-1-1-,200,False
70,360022252153,https://help.doodle.com/hc/en-us/articles/360022252153-Doodle-app-How-do-I-connect-my-calendar-to-the-app-,Doodle app: How do I connect my calendar to the app?,en-us,https://help.doodle.com/hc/en-us/articles/360012048494,200,False
70,360022252153,https://help.doodle.com/hc/en-us/articles/360022252153-Doodle-app-How-do-I-connect-my-calendar-to-the-app-,Doodle app: How do I connect my calendar to the app?,en-us,https://help.doodle.com/hc/en-us/articles/360039621093,200,False
70,360022252153,https://help.doodle.com/hc/en-us/articles/360022252153-Doodle-app-How-do-I-connect-my-calendar-to-the-app-,Doodle app: How do I connect my calendar to the app?,en-us,https://help.doodle.com/hc/en-us/requests/new,200,True
71,4402384005010,https://help.doodle.com/hc/en-us/articles/4402384005010-SCIM-for-Enterprise,SCIM for Enterprise,en-us,https://help.doodle.com/hc/en-us/articles/360019391960,200,False
71,4402384005010,https://help.doodle.com/hc/en-us/articles/4402384005010-SCIM-for-Enterprise,SCIM for Enterprise,en-us,https://help.doodle.com/hc/en-us/requests/new,200,False
71,4402384005010,https://help.doodle.com/hc/en-us/articles/4402384005010-SCIM-for-Enterprise,SCIM for Enterprise,en-us,NO URL,Not a URL,False
72,360039398974,https://help.doodle.com/hc/en-us/articles/360039398974-How-do-I-unsubscribe-from-Doodle-emails-,How do I unsubscribe from Doodle emails?,en-us,https://help.doodle.com/hc/en-us/articles/360012150253,200,False
72,360039398974,https://help.doodle.com/hc/en-us/articles/360039398974-How-do-I-unsubscribe-from-Doodle-emails-,How do I unsubscribe from Doodle emails?,en-us,https://help.doodle.com/hc/en-us/articles/360012048674,200,False
72,360039398974,https://help.doodle.com/hc/en-us/articles/360039398974-How-do-I-unsubscribe-from-Doodle-emails-,How do I unsubscribe from Doodle emails?,en-us,https://help.doodle.com/hc/en-us/requests/new,200,True
73,360012150033,https://help.doodle.com/hc/en-us/articles/360012150033-A-message-is-showing-saying-I-need-to-update-my-browser-,"A message is showing, saying I need to update my browser.",en-us,https://help.doodle.com/hc/en-us/articles/360012047774,200,False
73,360012150033,https://help.doodle.com/hc/en-us/articles/360012150033-A-message-is-showing-saying-I-need-to-update-my-browser-,"A message is showing, saying I need to update my browser.",en-us,https://browsehappy.com/,200,False
74,360038639514,https://help.doodle.com/hc/en-us/articles/360038639514-How-do-I-change-my-account-information-email-name-etc-,"How do I change my account information (email, name etc)?",en-us,https://doodle.com/settings/profile,200,False
74,360038639514,https://help.doodle.com/hc/en-us/articles/360038639514-How-do-I-change-my-account-information-email-name-etc-,"How do I change my account information (email, name etc)?",en-us,https://help.doodle.com/hc/en-us/articles/360012151013,200,False
74,360038639514,https://help.doodle.com/hc/en-us/articles/360038639514-How-do-I-change-my-account-information-email-name-etc-,"How do I change my account information (email, name etc)?",en-us,https://help.doodle.com/hc/en-us/articles/4403074313362,200,False
75,360021402274,https://help.doodle.com/hc/en-us/articles/360021402274-Issues-with-the-Android-App-Basic-Troubleshooting,Issues with the Android App: Basic Troubleshooting,en-us,https://help.doodle.com/hc/en-us/requests/new,200,False
76,360037710254,https://help.doodle.com/hc/en-us/articles/360037710254-Does-Doodle-offer-phone-support-,Does Doodle offer phone support?,en-us,https://help.doodle.com/hc/en-us/requests/new,200,False
77,9525109066386,https://help.doodle.com/hc/en-us/articles/9525109066386-How-do-I-connect-my-iCloud-Apple-Calendar-to-Doodle-,How do I connect my iCloud (Apple) Calendar to Doodle?,en-us,https://appleid.apple.com/,403,False
77,9525109066386,https://help.doodle.com/hc/en-us/articles/9525109066386-How-do-I-connect-my-iCloud-Apple-Calendar-to-Doodle-,How do I connect my iCloud (Apple) Calendar to Doodle?,en-us,https://support.apple.com/en-us/HT204915,200,False
77,9525109066386,https://help.doodle.com/hc/en-us/articles/9525109066386-How-do-I-connect-my-iCloud-Apple-Calendar-to-Doodle-,How do I connect my iCloud (Apple) Calendar to Doodle?,en-us,https://help.doodle.com/hc/en-us/articles/www.doodle.com/settings,404,False
77,9525109066386,https://help.doodle.com/hc/en-us/articles/9525109066386-How-do-I-connect-my-iCloud-Apple-Calendar-to-Doodle-,How do I connect my iCloud (Apple) Calendar to Doodle?,en-us,https://help.doodle.com/hc/en-us/articles/360012048494,200,True
78,360012048734,https://help.doodle.com/hc/en-us/articles/360012048734-How-do-I-access-Doodle-from-my-mobile-phone-,How do I access Doodle from my mobile phone?,en-us,https://apps.apple.com/us/app/doodle-easy-scheduling/id938182547,200,False
78,360012048734,https://help.doodle.com/hc/en-us/articles/360012048734-How-do-I-access-Doodle-from-my-mobile-phone-,How do I access Doodle from my mobile phone?,en-us,https://play.google.com/store/apps/details?id=com.doodle.android&hl=en&gl=US,200,False
79,360014747519,https://help.doodle.com/hc/en-us/articles/360014747519-Outlook-Add-in,Outlook Add-in,en-us,https://www.doodle.com/premium,200,False
79,360014747519,https://help.doodle.com/hc/en-us/articles/360014747519-Outlook-Add-in,Outlook Add-in,en-us,https://appsource.microsoft.com/en-us/product/office/WA200001963?src=office&tab=Overview,200,False
79,360014747519,https://help.doodle.com/hc/en-us/articles/360014747519-Outlook-Add-in,Outlook Add-in,en-us,https://help.doodle.com/hc/en-us/articles/360019902939,200,True
79,360014747519,https://help.doodle.com/hc/en-us/articles/360014747519-Outlook-Add-in,Outlook Add-in,en-us,https://help.doodle.com/hc/en-us/articles/4403074353554,200,True
79,360014747519,https://help.doodle.com/hc/en-us/articles/360014747519-Outlook-Add-in,Outlook Add-in,en-us,https://help.doodle.com/hc/en-us/requests/new,200,True
80,360012048494,https://help.doodle.com/hc/en-us/articles/360012048494-How-do-I-connect-my-calendar-with-Doodle-,How do I connect my calendar with Doodle?,en-us,https://doodle.com/settings,200,False
80,360012048494,https://help.doodle.com/hc/en-us/articles/360012048494-How-do-I-connect-my-calendar-with-Doodle-,How do I connect my calendar with Doodle?,en-us,https://doodle.com/settings,200,True
80,360012048494,https://help.doodle.com/hc/en-us/articles/360012048494-How-do-I-connect-my-calendar-with-Doodle-,How do I connect my calendar with Doodle?,en-us,https://help.doodle.com/hc/en-us/articles/9525109066386,200,False
81,360012572339,https://help.doodle.com/hc/en-us/articles/360012572339-How-do-I-add-a-Zoom-link-to-my-meeting-,How do I add a Zoom link to my meeting?,en-us,https://www.zoom.us/home?zcid=2478,200,False
81,360012572339,https://help.doodle.com/hc/en-us/articles/360012572339-How-do-I-add-a-Zoom-link-to-my-meeting-,How do I add a Zoom link to my meeting?,en-us,https://zoom.us/pricing,200,False
81,360012572339,https://help.doodle.com/hc/en-us/articles/360012572339-How-do-I-add-a-Zoom-link-to-my-meeting-,How do I add a Zoom link to my meeting?,en-us,https://help.doodle.com/hc/en-us/requests/new,200,True
82,4407784593426,https://help.doodle.com/hc/en-us/articles/4407784593426-Service-Level-Agreement,Service Level Agreement,en-us,#introduction,Not a URL,False
82,4407784593426,https://help.doodle.com/hc/en-us/articles/4407784593426-Service-Level-Agreement,Service Level Agreement,en-us,#contact-and-response-times,Not a URL,False
82,4407784593426,https://help.doodle.com/hc/en-us/articles/4407784593426-Service-Level-Agreement,Service Level Agreement,en-us,#introduction-and-training,Not a URL,False
82,4407784593426,https://help.doodle.com/hc/en-us/articles/4407784593426-Service-Level-Agreement,Service Level Agreement,en-us,#availability,Not a URL,False
82,4407784593426,https://help.doodle.com/hc/en-us/articles/4407784593426-Service-Level-Agreement,Service Level Agreement,en-us,#changes-to-this-sla,Not a URL,False
82,4407784593426,https://help.doodle.com/hc/en-us/articles/4407784593426-Service-Level-Agreement,Service Level Agreement,en-us,https://doodle.com/en/general-terms-and-conditions,200,False
82,4407784593426,https://help.doodle.com/hc/en-us/articles/4407784593426-Service-Level-Agreement,Service Level Agreement,en-us,mailto:support@doodle.com,mailto:support@doodle.com,False
82,4407784593426,https://help.doodle.com/hc/en-us/articles/4407784593426-Service-Level-Agreement,Service Level Agreement,en-us,https://uptime.doodle.com/,200,False
83,360019180159,https://help.doodle.com/hc/en-us/articles/360019180159-General-Terms-and-Conditions,General Terms and Conditions,en-us,#h_01FHAXD6JCH6Y1JNAY9NXT6XEQ,Not a URL,False
83,360019180159,https://help.doodle.com/hc/en-us/articles/360019180159-General-Terms-and-Conditions,General Terms and Conditions,en-us,#use-of-the-services,Not a URL,False
83,360019180159,https://help.doodle.com/hc/en-us/articles/360019180159-General-Terms-and-Conditions,General Terms and Conditions,en-us,#provision-of-services-by-doodle,Not a URL,False
83,360019180159,https://help.doodle.com/hc/en-us/articles/360019180159-General-Terms-and-Conditions,General Terms and Conditions,en-us,#intellectual-property-rights,Not a URL,False
83,360019180159,https://help.doodle.com/hc/en-us/articles/360019180159-General-Terms-and-Conditions,General Terms and Conditions,en-us,#corrective-measures-and-termination-for-cause-by-doodle,Not a URL,False
83,360019180159,https://help.doodle.com/hc/en-us/articles/360019180159-General-Terms-and-Conditions,General Terms and Conditions,en-us,#indemnification,Not a URL,False
83,360019180159,https://help.doodle.com/hc/en-us/articles/360019180159-General-Terms-and-Conditions,General Terms and Conditions,en-us,#final-provisions,Not a URL,False
83,360019180159,https://help.doodle.com/hc/en-us/articles/360019180159-General-Terms-and-Conditions,General Terms and Conditions,en-us,https://doodle.com/en/,200,False
83,360019180159,https://help.doodle.com/hc/en-us/articles/360019180159-General-Terms-and-Conditions,General Terms and Conditions,en-us,https://doodle.com/en/permitted-use-policy,200,False
83,360019180159,https://help.doodle.com/hc/en-us/articles/360019180159-General-Terms-and-Conditions,General Terms and Conditions,en-us,https://doodle.com/en/privacy-policy,200,False
83,360019180159,https://help.doodle.com/hc/en-us/articles/360019180159-General-Terms-and-Conditions,General Terms and Conditions,en-us,https://doodle.com/en/service-level-agreement,200,False
84,360012047774,https://help.doodle.com/hc/en-us/articles/360012047774-A-message-is-showing-saying-I-need-to-update-my-Firefox-browser-But-I-already-updated-it-,"A message is showing, saying I need to update my Firefox browser. But I already updated it.",en-us,https://help.doodle.com/hc/en-us/articles/360012149773,200,False
84,360012047774,https://help.doodle.com/hc/en-us/articles/360012047774-A-message-is-showing-saying-I-need-to-update-my-Firefox-browser-But-I-already-updated-it-,"A message is showing, saying I need to update my Firefox browser. But I already updated it.",en-us,https://support.mozilla.org/en-US/kb/how-reset-default-user-agent-firefox,200,False
84,360012047774,https://help.doodle.com/hc/en-us/articles/360012047774-A-message-is-showing-saying-I-need-to-update-my-Firefox-browser-But-I-already-updated-it-,"A message is showing, saying I need to update my Firefox browser. But I already updated it.",en-us,http://www.wikihow.com/Clear-Your-Browser%27s-Cache,200,False
84,360012047774,https://help.doodle.com/hc/en-us/articles/360012047774-A-message-is-showing-saying-I-need-to-update-my-Firefox-browser-But-I-already-updated-it-,"A message is showing, saying I need to update my Firefox browser. But I already updated it.",en-us,http://www.wikihow.com/Clear-Your-Browser%27s-Cookies,200,False
85,4403074353554,https://help.doodle.com/hc/en-us/articles/4403074353554-How-do-I-set-up-my-booking-page-,How do I set up my booking page?,en-us,https://doodle.com/settings,200,False
85,4403074353554,https://help.doodle.com/hc/en-us/articles/4403074353554-How-do-I-set-up-my-booking-page-,How do I set up my booking page?,en-us,https://doodle.com/settings/,200,True
85,4403074353554,https://help.doodle.com/hc/en-us/articles/4403074353554-How-do-I-set-up-my-booking-page-,How do I set up my booking page?,en-us,http://www.doodle.com/settings,200,False
85,4403074353554,https://help.doodle.com/hc/en-us/articles/4403074353554-How-do-I-set-up-my-booking-page-,How do I set up my booking page?,en-us,https://help.doodle.com/hc/en-us/articles/4403082480402,200,False
86,360019391960,https://help.doodle.com/hc/en-us/articles/360019391960-Apps-and-Integrations,Apps and Integrations,en-us,#h_01F78FBT0XD92Q5R4P91T15AVN,Not a URL,False
86,360019391960,https://help.doodle.com/hc/en-us/articles/360019391960-Apps-and-Integrations,Apps and Integrations,en-us,#h_01F78F9WFHVP38E8HVDZW5TGDZ,Not a URL,False
86,360019391960,https://help.doodle.com/hc/en-us/articles/360019391960-Apps-and-Integrations,Apps and Integrations,en-us,https://help.doodle.com/hc/en-us/articles/360012572339,200,False
86,360019391960,https://help.doodle.com/hc/en-us/articles/360019391960-Apps-and-Integrations,Apps and Integrations,en-us,https://help.doodle.com/hc/en-us/articles/360019110340,200,False
86,360019391960,https://help.doodle.com/hc/en-us/articles/360019391960-Apps-and-Integrations,Apps and Integrations,en-us,https://help.doodle.com/hc/en-us/articles/4413398332306,200,False
86,360019391960,https://help.doodle.com/hc/en-us/articles/360019391960-Apps-and-Integrations,Apps and Integrations,en-us,https://help.doodle.com/hc/en-us/articles/360012572339,200,True
86,360019391960,https://help.doodle.com/hc/en-us/articles/360019391960-Apps-and-Integrations,Apps and Integrations,en-us,https://help.doodle.com/hc/en-us/articles/360019110340,200,True
86,360019391960,https://help.doodle.com/hc/en-us/articles/360019391960-Apps-and-Integrations,Apps and Integrations,en-us,https://help.doodle.com/hc/en-us/articles/4413398332306,200,True
86,360019391960,https://help.doodle.com/hc/en-us/articles/360019391960-Apps-and-Integrations,Apps and Integrations,en-us,https://help.doodle.com/hc/en-us/requests/new,200,True
87,360012151073,https://help.doodle.com/hc/en-us/articles/360012151073-Doodle-app-How-do-I-create-a-group-poll-,Doodle app: How do I create a group poll?,en-us,https://help.doodle.com/hc/en-us/requests/new,200,False
88,360012047594,https://help.doodle.com/hc/en-us/articles/360012047594-How-do-I-cancel-my-Doodle-Professional-subscription-,How do I cancel my Doodle Professional subscription?,en-us,https://doodle.com/settings/subscription,200,False
88,360012047594,https://help.doodle.com/hc/en-us/articles/360012047594-How-do-I-cancel-my-Doodle-Professional-subscription-,How do I cancel my Doodle Professional subscription?,en-us,https://help.doodle.com/hc/en-us/articles/360012150553,200,False
88,360012047594,https://help.doodle.com/hc/en-us/articles/360012047594-How-do-I-cancel-my-Doodle-Professional-subscription-,How do I cancel my Doodle Professional subscription?,en-us,https://help.doodle.com/hc/en-us/articles/360012048674,200,False
88,360012047594,https://help.doodle.com/hc/en-us/articles/360012047594-How-do-I-cancel-my-Doodle-Professional-subscription-,How do I cancel my Doodle Professional subscription?,en-us,https://help.doodle.com/hc/en-us/requests/new?ticket_form_id=1900000318474,200,False
89,4413398332306,https://help.doodle.com/hc/en-us/articles/4413398332306-How-do-I-add-a-Webex-link-to-my-meetings-,How do I add a Webex link to my meetings?,en-us,https://doodle.com/en/premium,200,False
89,4413398332306,https://help.doodle.com/hc/en-us/articles/4413398332306-How-do-I-add-a-Webex-link-to-my-meetings-,How do I add a Webex link to my meetings?,en-us,https://www.webex.com/,200,False
89,4413398332306,https://help.doodle.com/hc/en-us/articles/4413398332306-How-do-I-add-a-Webex-link-to-my-meetings-,How do I add a Webex link to my meetings?,en-us,https://www.webex.com/pricing/,200,False
89,4413398332306,https://help.doodle.com/hc/en-us/articles/4413398332306-How-do-I-add-a-Webex-link-to-my-meetings-,How do I add a Webex link to my meetings?,en-us,https://help.doodle.com/hc/en-us/requests/new,200,True
90,360012150913,https://help.doodle.com/hc/en-us/articles/360012150913-How-to-sign-up-for-a-Doodle-account-,How to sign up for a Doodle account?,en-us,https://doodle.com/auth/realms/doodle/protocol/openid-connect/registrations?client_id=web-static-site&redirect_uri=https%3A%2F%2Fdoodle.com%2Fsettings%2Fconnect-calendars&state=f6a48a0c-75cd-4f33-8451-60d23c0c0d4f&response_mode=fragment&response_type=none&scope=openid&nonce=5ac5a321-52de-4ced-ba83-5e90dcd77118&code_challenge=Umdcy8icPlDNx6rVHsioVYcHntU87MuVuWL5xA3jVoI&code_challenge_method=S256,200,False
90,360012150913,https://help.doodle.com/hc/en-us/articles/360012150913-How-to-sign-up-for-a-Doodle-account-,How to sign up for a Doodle account?,en-us,https://help.doodle.com/hc/en-us/articles/360012149873,200,False
90,360012150913,https://help.doodle.com/hc/en-us/articles/360012150913-How-to-sign-up-for-a-Doodle-account-,How to sign up for a Doodle account?,en-us,https://help.doodle.com/hc/en-us/articles/360012150893-Discover-your-personal-account,200,False
91,360039689974,https://help.doodle.com/hc/en-us/articles/360039689974-General-Data-Protection-Regulation-GDPR-,General Data Protection Regulation (GDPR),en-us,https://doodle.com/privacy-policy,200,False
91,360039689974,https://help.doodle.com/hc/en-us/articles/360039689974-General-Data-Protection-Regulation-GDPR-,General Data Protection Regulation (GDPR),en-us,https://aws.amazon.com/compliance/iso-27001-faqs,200,False
91,360039689974,https://help.doodle.com/hc/en-us/articles/360039689974-General-Data-Protection-Regulation-GDPR-,General Data Protection Regulation (GDPR),en-us,https://doodle.com/privacy-policy,200,True
91,360039689974,https://help.doodle.com/hc/en-us/articles/360039689974-General-Data-Protection-Regulation-GDPR-,General Data Protection Regulation (GDPR),en-us,https://www.doodle.com/de/datenschutzrichtlinie%C2%A0,404,False
91,360039689974,https://help.doodle.com/hc/en-us/articles/360039689974-General-Data-Protection-Regulation-GDPR-,General Data Protection Regulation (GDPR),en-us,http://doodle.com/privacy-policy,200,False
92,360012150473,https://help.doodle.com/hc/en-us/articles/360012150473-Which-Doodle-Professional-subscription-is-the-right-one-for-my-company-,Which Doodle Professional subscription is the right one for my company?,en-us,https://landing.doodle.com/contact-sales,200,False
92,360012150473,https://help.doodle.com/hc/en-us/articles/360012150473-Which-Doodle-Professional-subscription-is-the-right-one-for-my-company-,Which Doodle Professional subscription is the right one for my company?,en-us,https://doodle.com/content/pricing#plan-comparison,200,False
92,360012150473,https://help.doodle.com/hc/en-us/articles/360012150473-Which-Doodle-Professional-subscription-is-the-right-one-for-my-company-,Which Doodle Professional subscription is the right one for my company?,en-us,https://landing.doodle.com/demo,200,False
93,360012150553,https://help.doodle.com/hc/en-us/articles/360012150553-What-happens-to-my-group-polls-1-1s-and-booking-pages-when-my-Professional-subscription-expires-,"What happens to my group polls, 1:1s and booking pages when my Professional subscription expires?",en-us,https://doodle.com/privacy-policy,200,False
93,360012150553,https://help.doodle.com/hc/en-us/articles/360012150553-What-happens-to-my-group-polls-1-1s-and-booking-pages-when-my-Professional-subscription-expires-,"What happens to my group polls, 1:1s and booking pages when my Professional subscription expires?",en-us,https://help.doodle.com/hc/en-us/articles/4403074449938,200,False
93,360012150553,https://help.doodle.com/hc/en-us/articles/360012150553-What-happens-to-my-group-polls-1-1s-and-booking-pages-when-my-Professional-subscription-expires-,"What happens to my group polls, 1:1s and booking pages when my Professional subscription expires?",en-us,https://help.doodle.com/hc/en-us/articles/360025101073,200,False
94,360019110340,https://help.doodle.com/hc/en-us/articles/360019110340-How-do-I-add-a-Microsoft-Teams-link-to-my-meeting-,How do I add a Microsoft Teams link to my meeting?,en-us,https://doodle.com/en/premium,200,False
94,360019110340,https://help.doodle.com/hc/en-us/articles/360019110340-How-do-I-add-a-Microsoft-Teams-link-to-my-meeting-,How do I add a Microsoft Teams link to my meeting?,en-us,https://www.microsoft.com/en/microsoft-teams/group-chat-software,200,False
94,360019110340,https://help.doodle.com/hc/en-us/articles/360019110340-How-do-I-add-a-Microsoft-Teams-link-to-my-meeting-,How do I add a Microsoft Teams link to my meeting?,en-us,https://help.doodle.com/hc/en-us/requests/new,200,True
95,9664704882450,https://help.doodle.com/hc/en-us/articles/9664704882450-Missing-Group-Poll-functionalities,Missing Group Poll functionalities,en-us,https://help.doodle.com/hc/en-us/requests/new?ticket_form_id=9969890860434,200,False
95,9664704882450,https://help.doodle.com/hc/en-us/articles/9664704882450-Missing-Group-Poll-functionalities,Missing Group Poll functionalities,en-us,https://help.doodle.com/hc/en-us/articles/360019827120,200,True
95,9664704882450,https://help.doodle.com/hc/en-us/articles/9664704882450-Missing-Group-Poll-functionalities,Missing Group Poll functionalities,en-us,https://help.doodle.com/hc/en-us/articles/360019902939,200,True
95,9664704882450,https://help.doodle.com/hc/en-us/articles/9664704882450-Missing-Group-Poll-functionalities,Missing Group Poll functionalities,en-us,https://help.doodle.com/hc/en-us/articles/4403074353554,200,True
95,9664704882450,https://help.doodle.com/hc/en-us/articles/9664704882450-Missing-Group-Poll-functionalities,Missing Group Poll functionalities,en-us,https://help.doodle.com/hc/en-us/articles/360019827420,200,False
95,9664704882450,https://help.doodle.com/hc/en-us/articles/9664704882450-Missing-Group-Poll-functionalities,Missing Group Poll functionalities,en-us,https://help.doodle.com/hc/en-us/articles/360019827120,200,True
95,9664704882450,https://help.doodle.com/hc/en-us/articles/9664704882450-Missing-Group-Poll-functionalities,Missing Group Poll functionalities,en-us,https://help.doodle.com/hc/en-us/articles/5860542987410,200,False
95,9664704882450,https://help.doodle.com/hc/en-us/articles/9664704882450-Missing-Group-Poll-functionalities,Missing Group Poll functionalities,en-us,https://doodle.com/en/premium,200,True
95,9664704882450,https://help.doodle.com/hc/en-us/articles/9664704882450-Missing-Group-Poll-functionalities,Missing Group Poll functionalities,en-us,https://help.doodle.com/hc/en-us/articles/360019827480,200,True
95,9664704882450,https://help.doodle.com/hc/en-us/articles/9664704882450-Missing-Group-Poll-functionalities,Missing Group Poll functionalities,en-us,https://help.doodle.com/hc/en-us/articles/360019902939,200,True
95,9664704882450,https://help.doodle.com/hc/en-us/articles/9664704882450-Missing-Group-Poll-functionalities,Missing Group Poll functionalities,en-us,https://doodle.com/en/premium,200,True
95,9664704882450,https://help.doodle.com/hc/en-us/articles/9664704882450-Missing-Group-Poll-functionalities,Missing Group Poll functionalities,en-us,https://help.doodle.com/hc/en-us/articles/360019827500,200,False
96,360019391360,https://help.doodle.com/hc/en-us/articles/360019391360-Add-remove-and-track-subscription-members,"Add, remove and track subscription members",en-us,#h_01FT5V2W68XPV9D2DP8KMPD7AB,Not a URL,False
96,360019391360,https://help.doodle.com/hc/en-us/articles/360019391360-Add-remove-and-track-subscription-members,"Add, remove and track subscription members",en-us,#h_01FT5V30V6FRH6Z0FVZZCHM177,Not a URL,False
96,360019391360,https://help.doodle.com/hc/en-us/articles/360019391360-Add-remove-and-track-subscription-members,"Add, remove and track subscription members",en-us,#h_01FT5V392RMY1NC9Y902C5GQB3,Not a URL,False
96,360019391360,https://help.doodle.com/hc/en-us/articles/360019391360-Add-remove-and-track-subscription-members,"Add, remove and track subscription members",en-us,#h_01FT5V3J2RMVGVNK0MXB6WX4RQ,Not a URL,False
96,360019391360,https://help.doodle.com/hc/en-us/articles/360019391360-Add-remove-and-track-subscription-members,"Add, remove and track subscription members",en-us,#h_01FT5V42N3HRV94PBPFSGD13SA,Not a URL,False
96,360019391360,https://help.doodle.com/hc/en-us/articles/360019391360-Add-remove-and-track-subscription-members,"Add, remove and track subscription members",en-us,#h_01FT5V4KCFZE9HB9H45CM75G65,Not a URL,False
96,360019391360,https://help.doodle.com/hc/en-us/articles/360019391360-Add-remove-and-track-subscription-members,"Add, remove and track subscription members",en-us,https://help.doodle.com/hc/en-us/articles/360019451159,200,False
96,360019391360,https://help.doodle.com/hc/en-us/articles/360019391360-Add-remove-and-track-subscription-members,"Add, remove and track subscription members",en-us,https://help.doodle.com/hc/en-us/articles/360019391960,200,False
96,360019391360,https://help.doodle.com/hc/en-us/articles/360019391360-Add-remove-and-track-subscription-members,"Add, remove and track subscription members",en-us,https://help.doodle.com/hc/en-us/articles/4416145159186,200,False
96,360019391360,https://help.doodle.com/hc/en-us/articles/360019391360-Add-remove-and-track-subscription-members,"Add, remove and track subscription members",en-us,https://help.doodle.com/hc/en-us/articles/360019452079,200,False
96,360019391360,https://help.doodle.com/hc/en-us/articles/360019391360-Add-remove-and-track-subscription-members,"Add, remove and track subscription members",en-us,https://help.doodle.com/hc/en-us/requests/new,200,True
97,360012047494,https://help.doodle.com/hc/en-us/articles/360012047494-How-much-does-Doodle-cost-,How much does Doodle cost?,en-us,http://www.doodle.com/en/premium,200,False
97,360012047494,https://help.doodle.com/hc/en-us/articles/360012047494-How-much-does-Doodle-cost-,How much does Doodle cost?,en-us,https://help.doodle.com/hc/en-us/articles/360012048734,200,False
97,360012047494,https://help.doodle.com/hc/en-us/articles/360012047494-How-much-does-Doodle-cost-,How much does Doodle cost?,en-us,https://doodle.com/auth/realms/doodle/protocol/openid-connect/registrations?client_id=web-unified-dashboard&redirect_uri=https%3A%2F%2Fdoodle.com%2Fdashboard&response_type=code&code_challenge=i39C-NktnjhR5vbRa9t7h4dS1-6JBb9gcJatLqd5VHU&code_challenge_method=S256,200,False
98,360012149833,https://help.doodle.com/hc/en-us/articles/360012149833-Why-did-I-get-an-email-from-Doodle-,Why did I get an email from Doodle?,en-us,https://help.doodle.com/hc/en-us/articles/360019827120,200,False
98,360012149833,https://help.doodle.com/hc/en-us/articles/360012149833-Why-did-I-get-an-email-from-Doodle-,Why did I get an email from Doodle?,en-us,https://help.doodle.com/hc/en-us/articles/360019902939,200,False
98,360012149833,https://help.doodle.com/hc/en-us/articles/360012149833-Why-did-I-get-an-email-from-Doodle-,Why did I get an email from Doodle?,en-us,http://www.doodle.com,200,False
98,360012149833,https://help.doodle.com/hc/en-us/articles/360012149833-Why-did-I-get-an-email-from-Doodle-,Why did I get an email from Doodle?,en-us,https://help.doodle.com/hc/en-us/requests/new,200,True
99,360019827120,https://help.doodle.com/hc/en-us/articles/360019827120-How-do-I-create-a-group-poll-,How do I create a group poll?,en-us,https://help.doodle.com/hc/en-us/articles/360012572339,200,False
99,360019827120,https://help.doodle.com/hc/en-us/articles/360019827120-How-do-I-create-a-group-poll-,How do I create a group poll?,en-us,https://help.doodle.com/hc/en-us/articles/360019110340,200,False
99,360019827120,https://help.doodle.com/hc/en-us/articles/360019827120-How-do-I-create-a-group-poll-,How do I create a group poll?,en-us,https://help.doodle.com/hc/en-us/articles/4413398332306,200,False
99,360019827120,https://help.doodle.com/hc/en-us/articles/360019827120-How-do-I-create-a-group-poll-,How do I create a group poll?,en-us,https://doodle.com/settings/integrations,200,True
99,360019827120,https://help.doodle.com/hc/en-us/articles/360019827120-How-do-I-create-a-group-poll-,How do I create a group poll?,en-us,https://www.doodle.com/en/premium,200,True
99,360019827120,https://help.doodle.com/hc/en-us/articles/360019827120-How-do-I-create-a-group-poll-,How do I create a group poll?,en-us,https://doodle.com/premium,200,True
99,360019827120,https://help.doodle.com/hc/en-us/articles/360019827120-How-do-I-create-a-group-poll-,How do I create a group poll?,en-us,https://doodle.com/premium,200,True
99,360019827120,https://help.doodle.com/hc/en-us/articles/360019827120-How-do-I-create-a-group-poll-,How do I create a group poll?,en-us,https://doodle.com/premium,200,True
99,360019827120,https://help.doodle.com/hc/en-us/articles/360019827120-How-do-I-create-a-group-poll-,How do I create a group poll?,en-us,https://help.doodle.com/hc/en-us/articles/360019827320,200,True
99,360019827120,https://help.doodle.com/hc/en-us/articles/360019827120-How-do-I-create-a-group-poll-,How do I create a group poll?,en-us,https://doodle.com/premium,200,True
99,360019827120,https://help.doodle.com/hc/en-us/articles/360019827120-How-do-I-create-a-group-poll-,How do I create a group poll?,en-us,https://doodle.com/settings,200,True
99,360019827120,https://help.doodle.com/hc/en-us/articles/360019827120-How-do-I-create-a-group-poll-,How do I create a group poll?,en-us,https://help.doodle.com/hc/en-us/articles/360019827500,200,False
99,360019827120,https://help.doodle.com/hc/en-us/articles/360019827120-How-do-I-create-a-group-poll-,How do I create a group poll?,en-us,https://help.doodle.com/hc/en-us/articles/360019827420,200,True
100,360012048454,https://help.doodle.com/hc/en-us/articles/360012048454-VAT-number-validation-for-EU-Businesses,VAT number validation for EU Businesses,en-us,http://ec.europa.eu/taxation_customs/vies/vatRequest.html,200,False
100,360012048454,https://help.doodle.com/hc/en-us/articles/360012048454-VAT-number-validation-for-EU-Businesses,VAT number validation for EU Businesses,en-us,http://ec.europa.eu/taxation_customs/vies/vatRequest.html,200,True
100,360012048454,https://help.doodle.com/hc/en-us/articles/360012048454-VAT-number-validation-for-EU-Businesses,VAT number validation for EU Businesses,en-us,http://ec.europa.eu/taxation_customs/vies/faq.html#item_11,200,False
101,360019133900,https://help.doodle.com/hc/en-us/articles/360019133900-General-Data-Processing-Terms,General Data Processing Terms,en-us,https://doodle.com/en/general-terms-and-conditions,200,False
101,360019133900,https://help.doodle.com/hc/en-us/articles/360019133900-General-Data-Processing-Terms,General Data Processing Terms,en-us,https://doodle.com/en/privacy-policy,200,False
101,360019133900,https://help.doodle.com/hc/en-us/articles/360019133900-General-Data-Processing-Terms,General Data Processing Terms,en-us,https://ec.europa.eu/info/law/law-topic/data-protection/data-transfers-outside-eu/model-contracts-transfer-personal-data-third-countries_de,404,False
101,360019133900,https://help.doodle.com/hc/en-us/articles/360019133900-General-Data-Processing-Terms,General Data Processing Terms,en-us,https://ec.europa.eu/info/law/law-topic/data-protection/international-dimension-data-protection/binding-corporate-rules-bcr_en,200,False
102,360019439954,https://help.doodle.com/hc/en-us/articles/360019439954-Zapier-Integration,Zapier Integration,en-us,https://www.doodle.com/premium,200,False
102,360019439954,https://help.doodle.com/hc/en-us/articles/360019439954-Zapier-Integration,Zapier Integration,en-us,https://zapier.com/zapbook/Doodle/,200,False
102,360019439954,https://help.doodle.com/hc/en-us/articles/360019439954-Zapier-Integration,Zapier Integration,en-us,https://zapier.com/zapbook/Doodle,200,False
102,360019439954,https://help.doodle.com/hc/en-us/articles/360019439954-Zapier-Integration,Zapier Integration,en-us,http://www.doodle.com/premium,200,False
102,360019439954,https://help.doodle.com/hc/en-us/articles/360019439954-Zapier-Integration,Zapier Integration,en-us,https://zapier.com/sign-up,200,False
102,360019439954,https://help.doodle.com/hc/en-us/articles/360019439954-Zapier-Integration,Zapier Integration,en-us,https://help.doodle.com/hc/en-us/requests/new,200,True
103,360012150893,https://help.doodle.com/hc/en-us/articles/360012150893-Discover-your-personal-Doodle-account,Discover your personal Doodle account,en-us,https://doodle.com/auth/realms/doodle/protocol/openid-connect/registrations?client_id=web-static-site&redirect_uri=https%3A%2F%2Fdoodle.com%2Fdashboard&state=e9386756-097e-49d8-af31-fcc2c97bd5d3&response_mode=fragment&response_type=none&scope=openid&nonce=394155e7-f27f-4d3d-ad49-6f73d2d62a92&code_challenge=sab1aYuZgymdj8NRLvo_IzlbBfGDsBh91zF7xrBJkBU&code_challenge_method=S256,200,False
103,360012150893,https://help.doodle.com/hc/en-us/articles/360012150893-Discover-your-personal-Doodle-account,Discover your personal Doodle account,en-us,https://doodle.com/en/premium,200,True
103,360012150893,https://help.doodle.com/hc/en-us/articles/360012150893-Discover-your-personal-Doodle-account,Discover your personal Doodle account,en-us,https://doodle.com/settings,200,False
103,360012150893,https://help.doodle.com/hc/en-us/articles/360012150893-Discover-your-personal-Doodle-account,Discover your personal Doodle account,en-us,https://doodle.com/auth/realms/doodle/protocol/openid-connect/registrations?client_id=web-static-site&redirect_uri=https%3A%2F%2Fdoodle.com%2Fsettings%2Fconnect-calendars&state=c7647b25-9624-4c2f-b3ea-a0b7b02dc543&response_mode=fragment&response_type=none&scope=openid&nonce=362f193b-2bfc-4765-b14e-cf018d1da0ab&code_challenge=aA4LE0ik3dN3vrrc66ruvhSpHkNI3ojl39w69uH4qf8&code_challenge_method=S256,200,False
103,360012150893,https://help.doodle.com/hc/en-us/articles/360012150893-Discover-your-personal-Doodle-account,Discover your personal Doodle account,en-us,https://doodle.com/en/premium,200,True
103,360012150893,https://help.doodle.com/hc/en-us/articles/360012150893-Discover-your-personal-Doodle-account,Discover your personal Doodle account,en-us,https://help.doodle.com/hc/en-us/articles/360019827120,200,True
103,360012150893,https://help.doodle.com/hc/en-us/articles/360012150893-Discover-your-personal-Doodle-account,Discover your personal Doodle account,en-us,https://help.doodle.com/hc/en-us/articles/360019902939,200,True
103,360012150893,https://help.doodle.com/hc/en-us/articles/360012150893-Discover-your-personal-Doodle-account,Discover your personal Doodle account,en-us,https://help.doodle.com/hc/en-us/articles/4403074353554,200,True
103,360012150893,https://help.doodle.com/hc/en-us/articles/360012150893-Discover-your-personal-Doodle-account,Discover your personal Doodle account,en-us,https://help.doodle.com/hc/en-us/articles/360012048734,200,False
103,360012150893,https://help.doodle.com/hc/en-us/articles/360012150893-Discover-your-personal-Doodle-account,Discover your personal Doodle account,en-us,https://help.doodle.com,200,False
103,360012150893,https://help.doodle.com/hc/en-us/articles/360012150893-Discover-your-personal-Doodle-account,Discover your personal Doodle account,en-us,https://help.doodle.com/hc/en-us/requests/new,200,True
104,360012150453,https://help.doodle.com/hc/en-us/articles/360012150453-What-is-Doodle-Professional-,What is Doodle Professional?,en-us,https://doodle.com/en/premium,200,False
104,360012150453,https://help.doodle.com/hc/en-us/articles/360012150453-What-is-Doodle-Professional-,What is Doodle Professional?,en-us,https://doodle.com/en/contact/sales/,200,True
104,360012150453,https://help.doodle.com/hc/en-us/articles/360012150453-What-is-Doodle-Professional-,What is Doodle Professional?,en-us,https://help.doodle.com/hc/en-us/articles/360019827320,200,False
104,360012150453,https://help.doodle.com/hc/en-us/articles/360012150453-What-is-Doodle-Professional-,What is Doodle Professional?,en-us,https://help.doodle.com/hc/en-us/articles/360019392000,200,True
104,360012150453,https://help.doodle.com/hc/en-us/articles/360012150453-What-is-Doodle-Professional-,What is Doodle Professional?,en-us,https://help.doodle.com/hc/en-us/articles/360019902939,200,True
104,360012150453,https://help.doodle.com/hc/en-us/articles/360012150453-What-is-Doodle-Professional-,What is Doodle Professional?,en-us,https://help.doodle.com/hc/en-us/articles/4403074313362,200,False
104,360012150453,https://help.doodle.com/hc/en-us/articles/360012150453-What-is-Doodle-Professional-,What is Doodle Professional?,en-us,https://help.doodle.com/hc/en-us/articles/360019439954,200,False
104,360012150453,https://help.doodle.com/hc/en-us/articles/360012150453-What-is-Doodle-Professional-,What is Doodle Professional?,en-us,https://help.doodle.com/hc/en-us/articles/360012572339,200,True
104,360012150453,https://help.doodle.com/hc/en-us/articles/360012150453-What-is-Doodle-Professional-,What is Doodle Professional?,en-us,https://help.doodle.com/hc/en-us/articles/360019110340,200,True
104,360012150453,https://help.doodle.com/hc/en-us/articles/360012150453-What-is-Doodle-Professional-,What is Doodle Professional?,en-us,https://help.doodle.com/hc/en-us/articles/360014747519,200,False
104,360012150453,https://help.doodle.com/hc/en-us/articles/360012150453-What-is-Doodle-Professional-,What is Doodle Professional?,en-us,https://doodle.com/content/pricing,200,False
105,360012149713,https://help.doodle.com/hc/en-us/articles/360012149713-Get-started-with-Doodle,Get started with Doodle,en-us,https://my.demio.com/ref/qrWsokpiwZgbwSeY,200,False
105,360012149713,https://help.doodle.com/hc/en-us/articles/360012149713-Get-started-with-Doodle,Get started with Doodle,en-us,https://www.doodle.com/en/premium,200,False
105,360012149713,https://help.doodle.com/hc/en-us/articles/360012149713-Get-started-with-Doodle,Get started with Doodle,en-us,https://help.doodle.com/hc/en-us/articles/360019827120,200,True
105,360012149713,https://help.doodle.com/hc/en-us/articles/360012149713-Get-started-with-Doodle,Get started with Doodle,en-us,https://help.doodle.com/hc/en-us/articles/360019902939,200,True
105,360012149713,https://help.doodle.com/hc/en-us/articles/360012149713-Get-started-with-Doodle,Get started with Doodle,en-us,https://help.doodle.com/hc/en-us/articles/4403074313362,200,False
105,360012149713,https://help.doodle.com/hc/en-us/articles/360012149713-Get-started-with-Doodle,Get started with Doodle,en-us,https://www.doodle.com/en/premium,200,True
105,360012149713,https://help.doodle.com/hc/en-us/articles/360012149713-Get-started-with-Doodle,Get started with Doodle,en-us,https://help.doodle.com/hc/en-us/articles/360012150893,200,False
105,360012149713,https://help.doodle.com/hc/en-us/articles/360012149713-Get-started-with-Doodle,Get started with Doodle,en-us,https://doodle.com/auth/realms/doodle/protocol/openid-connect/registrations?client_id=web-static-site&redirect_uri=https%3A%2F%2Fdoodle.com%2Fsettings%2Fconnect-calendars&state=c7647b25-9624-4c2f-b3ea-a0b7b02dc543&response_mode=fragment&response_type=none&scope=openid&nonce=362f193b-2bfc-4765-b14e-cf018d1da0ab&code_challenge=aA4LE0ik3dN3vrrc66ruvhSpHkNI3ojl39w69uH4qf8&code_challenge_method=S256,200,True
105,360012149713,https://help.doodle.com/hc/en-us/articles/360012149713-Get-started-with-Doodle,Get started with Doodle,en-us,https://doodle.com/settings/calendars,200,False
105,360012149713,https://help.doodle.com/hc/en-us/articles/360012149713-Get-started-with-Doodle,Get started with Doodle,en-us,https://doodle.com/settings/integrations,200,True
105,360012149713,https://help.doodle.com/hc/en-us/articles/360012149713-Get-started-with-Doodle,Get started with Doodle,en-us,http://www.doodle.com/en/premium,200,True
105,360012149713,https://help.doodle.com/hc/en-us/articles/360012149713-Get-started-with-Doodle,Get started with Doodle,en-us,https://help.doodle.com/hc/en-us/articles/360019827120,200,True
105,360012149713,https://help.doodle.com/hc/en-us/articles/360012149713-Get-started-with-Doodle,Get started with Doodle,en-us,https://help.doodle.com/hc/en-us/articles/360019902939,200,True
105,360012149713,https://help.doodle.com/hc/en-us/articles/360012149713-Get-started-with-Doodle,Get started with Doodle,en-us,https://help.doodle.com/hc/en-us/articles/4403074353554,200,True
105,360012149713,https://help.doodle.com/hc/en-us/articles/360012149713-Get-started-with-Doodle,Get started with Doodle,en-us,https://doodle.com/features/mobile,200,False
105,360012149713,https://help.doodle.com/hc/en-us/articles/360012149713-Get-started-with-Doodle,Get started with Doodle,en-us,https://help.doodle.com,200,False
105,360012149713,https://help.doodle.com/hc/en-us/articles/360012149713-Get-started-with-Doodle,Get started with Doodle,en-us,https://help.doodle.com/hc/en-us/requests/new,200,True
106,360012047574,https://help.doodle.com/hc/en-us/articles/360012047574-How-do-I-enable-cookies-on-my-computer-,How do I enable cookies on my computer?,en-us,http://windows.microsoft.com/en-US/windows7/Block-enable-or-allow-cookies,200,False
106,360012047574,https://help.doodle.com/hc/en-us/articles/360012047574-How-do-I-enable-cookies-on-my-computer-,How do I enable cookies on my computer?,en-us,http://support.apple.com/kb/PH5042,200,False
106,360012047574,https://help.doodle.com/hc/en-us/articles/360012047574-How-do-I-enable-cookies-on-my-computer-,How do I enable cookies on my computer?,en-us,http://support.google.com/chrome/bin/answer.py?hl=en&answer=114662,200,False
106,360012047574,https://help.doodle.com/hc/en-us/articles/360012047574-How-do-I-enable-cookies-on-my-computer-,How do I enable cookies on my computer?,en-us,http://support.mozilla.org/en-US/kb/Enabling%20and%20disabling%20cookies,200,False
106,360012047574,https://help.doodle.com/hc/en-us/articles/360012047574-How-do-I-enable-cookies-on-my-computer-,How do I enable cookies on my computer?,en-us,https://www.microsoft.com/en-us/itpro/microsoft-edge/support,200,False
107,360012047794,https://help.doodle.com/hc/en-us/articles/360012047794-I-can-only-see-a-white-page-No-polls-etc-,I can only see a white page. No polls etc.,en-us,https://help.doodle.com/hc/en-us/articles/360012149773,200,False
107,360012047794,https://help.doodle.com/hc/en-us/articles/360012047794-I-can-only-see-a-white-page-No-polls-etc-,I can only see a white page. No polls etc.,en-us,http://enable-javascript.com/,200,False
107,360012047794,https://help.doodle.com/hc/en-us/articles/360012047794-I-can-only-see-a-white-page-No-polls-etc-,I can only see a white page. No polls etc.,en-us,http://www.wikihow.com/Clear-Your-Browser's-Cache,200,False
107,360012047794,https://help.doodle.com/hc/en-us/articles/360012047794-I-can-only-see-a-white-page-No-polls-etc-,I can only see a white page. No polls etc.,en-us,http://www.wikihow.com/Clear-Your-Browser's-Cookies,200,False
107,360012047794,https://help.doodle.com/hc/en-us/articles/360012047794-I-can-only-see-a-white-page-No-polls-etc-,I can only see a white page. No polls etc.,en-us,https://help.doodle.com/hc/en-us/articles/360012047574,200,False
107,360012047794,https://help.doodle.com/hc/en-us/articles/360012047794-I-can-only-see-a-white-page-No-polls-etc-,I can only see a white page. No polls etc.,en-us,http://doodle.com/en/terms-of-service,200,False
107,360012047794,https://help.doodle.com/hc/en-us/articles/360012047794-I-can-only-see-a-white-page-No-polls-etc-,I can only see a white page. No polls etc.,en-us,https://help.doodle.com/hc/en-gb/requests/new,200,False
108,360019179919,https://help.doodle.com/hc/en-us/articles/360019179919-Privacy-Policy,Privacy Policy,en-us,https://iabeurope.eu/tcf-2-0/,200,False
108,360019179919,https://help.doodle.com/hc/en-us/articles/360019179919-Privacy-Policy,Privacy Policy,en-us,https://doodle.com/en/,200,False
108,360019179919,https://help.doodle.com/hc/en-us/articles/360019179919-Privacy-Policy,Privacy Policy,en-us,https://doodle.com/en/general-data-processing-terms,200,False
108,360019179919,https://help.doodle.com/hc/en-us/articles/360019179919-Privacy-Policy,Privacy Policy,en-us,https://www.doodle.com/content/ccpa,404,False
108,360019179919,https://help.doodle.com/hc/en-us/articles/360019179919-Privacy-Policy,Privacy Policy,en-us,https://www.google.com/privacy,200,False
108,360019179919,https://help.doodle.com/hc/en-us/articles/360019179919-Privacy-Policy,Privacy Policy,en-us,https://firebase.google.com/terms/analytics,200,False
108,360019179919,https://help.doodle.com/hc/en-us/articles/360019179919-Privacy-Policy,Privacy Policy,en-us,https://code.google.com/apis/analytics/docs/gaJS/gaJSApi_gat.html#_gat._anonymizeIp,200,False
108,360019179919,https://help.doodle.com/hc/en-us/articles/360019179919-Privacy-Policy,Privacy Policy,en-us,https://www.net-metrix.ch/index.php?nodeId=157,Timeout,False
108,360019179919,https://help.doodle.com/hc/en-us/articles/360019179919-Privacy-Policy,Privacy Policy,en-us,https://www.agof.de/?lang=en,200,False
108,360019179919,https://help.doodle.com/hc/en-us/articles/360019179919-Privacy-Policy,Privacy Policy,en-us,https://doodle.com/de/privacy-policy,200,False
108,360019179919,https://help.doodle.com/hc/en-us/articles/360019179919-Privacy-Policy,Privacy Policy,en-us,https://try.crashlytics.com/,200,False
108,360019179919,https://help.doodle.com/hc/en-us/articles/360019179919-Privacy-Policy,Privacy Policy,en-us,http://hockeyapp.net/features/,404,False
108,360019179919,https://help.doodle.com/hc/en-us/articles/360019179919-Privacy-Policy,Privacy Policy,en-us,http://try.crashlytics.com/terms/,200,False
108,360019179919,https://help.doodle.com/hc/en-us/articles/360019179919-Privacy-Policy,Privacy Policy,en-us,http://hockeyapp.net/privacy/,404,False
108,360019179919,https://help.doodle.com/hc/en-us/articles/360019179919-Privacy-Policy,Privacy Policy,en-us,https://policies.google.com/privacy,200,False
108,360019179919,https://help.doodle.com/hc/en-us/articles/360019179919-Privacy-Policy,Privacy Policy,en-us,https://privacy.microsoft.com/,200,False
108,360019179919,https://help.doodle.com/hc/en-us/articles/360019179919-Privacy-Policy,Privacy Policy,en-us,https://www.facebook.com/policy.php,200,False
108,360019179919,https://help.doodle.com/hc/en-us/articles/360019179919-Privacy-Policy,Privacy Policy,en-us,https://www.google.com/policies/privacy/ads/,200,False
108,360019179919,https://help.doodle.com/hc/en-us/articles/360019179919-Privacy-Policy,Privacy Policy,en-us,https://www.google.ch/ads/preferences,200,False
108,360019179919,https://help.doodle.com/hc/en-us/articles/360019179919-Privacy-Policy,Privacy Policy,en-us,https://www.networkadvertising.org/managing/opt_out.asp,403,False
108,360019179919,https://help.doodle.com/hc/en-us/articles/360019179919-Privacy-Policy,Privacy Policy,en-us,https://doodle.com/en/premium,200,True
108,360019179919,https://help.doodle.com/hc/en-us/articles/360019179919-Privacy-Policy,Privacy Policy,en-us,https://www.paypal.com/cgi-bin/webscr?cmd=p/gen/ua/policy_privacy-outside,200,False
108,360019179919,https://help.doodle.com/hc/en-us/articles/360019179919-Privacy-Policy,Privacy Policy,en-us,https://stripe.com/de/privacy,200,False
108,360019179919,https://help.doodle.com/hc/en-us/articles/360019179919-Privacy-Policy,Privacy Policy,en-us,mailto:privacy@doodle.com,mailto:privacy@doodle.com,False
108,360019179919,https://help.doodle.com/hc/en-us/articles/360019179919-Privacy-Policy,Privacy Policy,en-us,mailto:privacy@doodle.com,mailto:privacy@doodle.com,True
108,360019179919,https://help.doodle.com/hc/en-us/articles/360019179919-Privacy-Policy,Privacy Policy,en-us,https://www.eprivacy.eu/,200,False
108,360019179919,https://help.doodle.com/hc/en-us/articles/360019179919-Privacy-Policy,Privacy Policy,en-us,https://doodle.com/privacy-policy,200,True
